6VSB 	A	hCoV-19/England/MILK-2E65D86/2021
6VXX 	A	hCoV-19/England/CAMB-76B31/2020
6VYB 	A	hCoV-19/England/CAMB-76B31/2020
6WPS 	A	hCoV-19/England/CAMB-76B31/2020
6WPT 	A	hCoV-19/England/CAMB-76B31/2020
6X29 	A	hCoV-19/England/MILK-2E65D86/2021
6X2A 	A	hCoV-19/England/MILK-2E65D86/2021
6X2B 	A	hCoV-19/England/MILK-2E65D86/2021
6X2C 	A	hCoV-19/England/MILK-2E65D86/2021
6X6P 	A	hCoV-19/England/MILK-2E65D86/2021
6X79 	A	hCoV-19/England/CAMB-7525B/2020
6XCM 	A	hCoV-19/USA/WA-CDC-02982586-001/2020
6XCN 	A	hCoV-19/USA/WA-CDC-02982586-001/2020
6XEY 	A	hCoV-19/England/MILK-2E65D86/2021
6XF5 	A	hCoV-19/England/MILK-2E65D86/2021
6XF6 	A	hCoV-19/England/MILK-2E65D86/2021
6XKL 	A	hCoV-19/England/MILK-2E65D86/2021
6XLU 	A	hCoV-19/England/MILK-2E65D86/2021
6XM0 	A	hCoV-19/England/MILK-2E65D86/2021
6XM3 	A	hCoV-19/England/MILK-2E65D86/2021
6XM4 	A	hCoV-19/England/MILK-2E65D86/2021
6XM5 	A	hCoV-19/England/MILK-2E65D86/2021
6XS6 	A	hCoV-19/Japan/HiroFH31/2020
6Z43 	A	hCoV-19/England/MILK-2E65D86/2021
6Z97 	A	hCoV-19/England/MILK-2E65D86/2021
6ZB4 	A	hCoV-19/USA/WA-CDC-02982586-001/2020
6ZB5 	A	hCoV-19/USA/WA-CDC-02982586-001/2020
6ZDH 	A	hCoV-19/England/MILK-2E65D86/2021
6ZGE 	A	hCoV-19/England/MILK-2E65D86/2021
6ZGG 	A	hCoV-19/USA/WA-CDC-02982586-001/2020
6ZGH 	A	hCoV-19/USA/WA-CDC-02982586-001/2020
6ZGI 	A	hCoV-19/USA/WA-CDC-02982586-001/2020
6ZHD 	A	hCoV-19/England/MILK-2E65D86/2021
6ZOW 	A	hCoV-19/England/MILK-2E65D86/2021
6ZOX 	A	hCoV-19/England/NORT-281506/2020
6ZOY 	A	hCoV-19/England/CAMB-7525B/2020
6ZOZ 	A	hCoV-19/England/CAMB-7525B/2020
6ZP0 	A	hCoV-19/England/NORT-281506/2020
6ZP1 	A	hCoV-19/England/MILK-2E65D86/2021
6ZP2 	A	hCoV-19/USA/WA-CDC-02982586-001/2020
6ZP5 	A	hCoV-19/England/MILK-2E65D86/2021
6ZP7 	A	hCoV-19/England/MILK-2E65D86/2021
6ZXN 	A	hCoV-19/England/MILK-2E65D86/2021
7A29 	A	hCoV-19/England/MILK-2E65D86/2021
7A4N 	A	hCoV-19/Mali/M00959/2020
7A93 	A	hCoV-19/England/MILK-2E65D86/2021
7A94 	A	hCoV-19/USA/WA-CDC-02982586-001/2020
7A95 	A	hCoV-19/USA/WA-CDC-02982586-001/2020
7A96 	A	hCoV-19/USA/WA-CDC-02982586-001/2020
7A97 	A	hCoV-19/USA/WA-CDC-02982586-001/2020
7A98 	A	hCoV-19/USA/WA-CDC-02982586-001/2020
7AD1 	A	hCoV-19/Mali/M00959/2020
7AKD 	A	hCoV-19/England/MILK-2E65D86/2021
7B18 	A	hCoV-19/England/MILK-2E65D86/2021
7BNN 	A	hCoV-19/Netherlands/ZH-EMC-238/2020
7BYR 	A	hCoV-19/USA/WA-CDC-02982586-001/2020
7C2L 	A	hCoV-19/USA/WA-CDC-02982586-001/2020
7CT5 	A	hCoV-19/USA/WA-CDC-02982586-001/2020
7CWL 	A	hCoV-19/USA/WA-CDC-02982586-001/2020
7CWM 	A	hCoV-19/USA/WA-CDC-02982586-001/2020
7CWN 	A	hCoV-19/USA/WA-CDC-02982586-001/2020
7CWU 	A	hCoV-19/USA/WA-CDC-02982586-001/2020
7CZP 	A	hCoV-19/USA/WA-CDC-02982586-001/2020
7CZQ 	A	hCoV-19/USA/GA-EHC-030D/2020
7CZR 	A	hCoV-19/USA/GA-EHC-030D/2020
7CZS 	A	hCoV-19/USA/GA-EHC-030D/2020
7CZT 	A	hCoV-19/USA/GA-EHC-030D/2020
7CZU 	A	hCoV-19/USA/GA-EHC-030D/2020
7CZV 	A	hCoV-19/USA/GA-EHC-030D/2020
7CZW 	A	hCoV-19/USA/GA-EHC-030D/2020
7CZX 	A	hCoV-19/USA/GA-EHC-030D/2020
7CZY 	A	hCoV-19/USA/GA-EHC-030D/2020
7CZZ 	A	hCoV-19/USA/GA-EHC-030D/2020
7D00 	A	hCoV-19/USA/GA-EHC-030D/2020
7D03 	A	hCoV-19/USA/GA-EHC-030D/2020
7D0B 	A	hCoV-19/USA/GA-EHC-030D/2020
7D0C 	A	hCoV-19/USA/GA-EHC-030D/2020
7D0D 	A	hCoV-19/USA/GA-EHC-030D/2020
7DCC 	E	hCoV-19/USA/MI-CDC-ASC210659926/2021
7DCX 	C	hCoV-19/USA/MI-CDC-ASC210659926/2021
7DD2 	C	hCoV-19/USA/MI-CDC-ASC210659926/2021
7DD8 	C	hCoV-19/USA/MI-CDC-ASC210659926/2021
7DDD 	A	hCoV-19/USA/MI-CDC-ASC210659926/2021
7DDN 	A	hCoV-19/USA/MI-CDC-ASC210659926/2021
7DF3 	A	hCoV-19/USA/MI-CDC-ASC210659926/2021
7DF4 	B	hCoV-19/USA/MI-CDC-ASC210659926/2021
7DK3 	A	hCoV-19/USA/MI-CDC-ASC210659926/2021
7DK4 	C	hCoV-19/USA/MI-CDC-ASC210659926/2021
7DK5 	A	hCoV-19/USA/MI-CDC-ASC210659926/2021
7DK6 	A	hCoV-19/USA/MI-CDC-ASC210659926/2021
7DK7 	C	hCoV-19/USA/MI-CDC-ASC210659926/2021
7DWY 	A	hCoV-19/USA/GA-EHC-030D/2020
7DWZ 	A	hCoV-19/USA/GA-EHC-030D/2020
7DX0 	A	hCoV-19/USA/GA-EHC-030D/2020
7DX1 	A	hCoV-19/USA/CA-CDPH-3000053546/2021
7DX2 	A	hCoV-19/USA/CA-CDPH-3000053546/2021
7DX3 	A	hCoV-19/USA/GA-EHC-047U/2020
7DX5 	A	hCoV-19/USA/GA-EHC-047U/2020
7DX6 	A	hCoV-19/USA/GA-EHC-047U/2020
7DX7 	A	hCoV-19/USA/GA-EHC-047U/2020
7DX8 	A	hCoV-19/USA/GA-EHC-047U/2020
7DX9 	A	hCoV-19/USA/GA-EHC-047U/2020
7DZW 	A	hCoV-19/USA/CA-CDPH-3000053546/2021
7DZX 	A	hCoV-19/England/ALDP-9B58CD/2020
7DZY 	A	hCoV-19/England/ALDP-9B58CD/2020
7E3K 	A	hCoV-19/USA/GA-EHC-047U/2020
7E3L 	A	hCoV-19/USA/GA-EHC-047U/2020
7E5R 	A	hCoV-19/England/CAMB-7525B/2020
7E5S 	A	hCoV-19/England/CAMB-7525B/2020
7E7B 	A	hCoV-19/USA/GA-EHC-047U/2020
7E7D 	A	hCoV-19/USA/GA-EHC-047U/2020
7E8C 	A	hCoV-19/USA/IN-CDC-ASC210424953/2021
7EAZ 	A	hCoV-19/England/MILK-BAA98A/2020
7EB0 	A	hCoV-19/England/MILK-BAA98A/2020
7EB3 	A	hCoV-19/England/MILK-BAA98A/2020
7EB4 	A	hCoV-19/England/MILK-BAA98A/2020
7EB5 	A	hCoV-19/England/MILK-BAA98A/2020
7EDF 	A	hCoV-19/England/QEUH-14A9E35/2021
7EDG 	A	hCoV-19/England/QEUH-14A9E35/2021
7EDH 	A	hCoV-19/England/QEUH-14A9E35/2021
7EDI 	A	hCoV-19/England/QEUH-14A9E35/2021
7EDJ 	A	hCoV-19/Scotland/QEUH-14599F7/2021
7EH5 	A	hCoV-19/England/MILK-BAA98A/2020
7EJ4 	A	hCoV-19/England/CAMB-7525B/2020
7EJ5 	A	hCoV-19/England/CAMB-7525B/2020
7FAE 	A	hCoV-19/Wuhan/IVDC-HB-01/2019
7FAF 	A	hCoV-19/Wuhan/IVDC-HB-01/2019
7FG2 	A	hCoV-19/Wuhan/IVDC-HB-01/2019
7FG3 	A	hCoV-19/Wuhan/IVDC-HB-01/2019
7FG7 	A	hCoV-19/Wuhan/IVDC-HB-01/2019
7JJI 	A	hCoV-19/Wuhan/IVDC-HB-01/2019
7JV4 	A	hCoV-19/England/CAMB-76B31/2020
7JV6 	A	hCoV-19/England/CAMB-76B31/2020
7JVC 	A	hCoV-19/England/CAMB-76B31/2020
7JW0 	A	hCoV-19/England/CAMB-76B31/2020
7JWY 	A	hCoV-19/USA/IL-CDC-ASC210714968/2021
7JZL 	A	hCoV-19/Wuhan/IVDC-HB-01/2019
7JZN 	A	hCoV-19/Wuhan/IVDC-HB-01/2019
7K43 	A	hCoV-19/England/CAMB-76B31/2020
7K4N 	A	hCoV-19/Wuhan/IVDC-HB-01/2019
7K8S 	A	hCoV-19/Wuhan/IVDC-HB-01/2019
7K8T 	A	hCoV-19/Wuhan/IVDC-HB-01/2019
7K8U 	A	hCoV-19/Wuhan/IVDC-HB-01/2019
7K8V 	A	hCoV-19/Wuhan/IVDC-HB-01/2019
7K8W 	A	hCoV-19/Wuhan/IVDC-HB-01/2019
7K8X 	A	hCoV-19/Wuhan/IVDC-HB-01/2019
7K8Y 	B	hCoV-19/Wuhan/IVDC-HB-01/2019
7K8Z 	A	hCoV-19/Wuhan/IVDC-HB-01/2019
7K90 	A	hCoV-19/USA/GA-EHC-047U/2020
7K9H 	A	hCoV-19/USA/GA-EHC-047U/2020
7K9J 	A	hCoV-19/USA/GA-EHC-047U/2020
7KDG 	A	hCoV-19/USA/MI-CDC-ASC210659926/2021
7KDH 	A	hCoV-19/USA/MI-CDC-ASC210659926/2021
7KDI 	A	hCoV-19/USA/ID-IBL-631029/2020
7KDJ 	A	hCoV-19/USA/AR-UNM-UAMS63MD141/2021
7KDK 	A	hCoV-19/England/MILK-2E65D86/2021
7KDL 	A	hCoV-19/England/MILK-2E65D86/2021
7KE4 	A	hCoV-19/England/MILK-2E65D86/2021
7KE6 	A	hCoV-19/England/MILK-2E65D86/2021
7KE7 	A	hCoV-19/England/MILK-2E65D86/2021
7KE8 	A	hCoV-19/England/MILK-2E65D86/2021
7KE9 	A	hCoV-19/England/MILK-2E65D86/2021
7KEA 	A	hCoV-19/England/MILK-2E65D86/2021
7KEB 	A	hCoV-19/England/MILK-2E65D86/2021
7KEC 	A	hCoV-19/England/MILK-2E65D86/2021
7KJ2 	A	hCoV-19/USA/GA-EHC-047U/2020
7KJ3 	A	hCoV-19/USA/GA-EHC-047U/2020
7KJ4 	A	hCoV-19/USA/GA-EHC-047U/2020
7KJ5 	A	hCoV-19/USA/GA-EHC-047U/2020
7KKK 	A	hCoV-19/USA/IL-CDC-ASC210714968/2021
7KKL 	A	hCoV-19/USA/IL-CDC-ASC210714968/2021
7KL9 	A	hCoV-19/USA/GA-EHC-047U/2020
7KMK 	A	hCoV-19/England/CAMB-7525B/2020
7KML 	A	hCoV-19/England/CAMB-7525B/2020
7KMS 	B	hCoV-19/USA/IL-CDC-ASC210714968/2021
7KMZ 	A	hCoV-19/USA/IL-CDC-ASC210714968/2021
7KNB 	A	hCoV-19/USA/IL-CDC-ASC210714968/2021
7KNE 	A	hCoV-19/USA/IL-CDC-ASC210714968/2021
7KNH 	A	hCoV-19/USA/IL-CDC-ASC210714968/2021
7KNI 	A	hCoV-19/USA/IL-CDC-ASC210714968/2021
7KRQ 	A	hCoV-19/Scotland/QEUH-96076A/2020
7KRR 	A	hCoV-19/Scotland/QEUH-96076A/2020
7KRS 	A	hCoV-19/Scotland/QEUH-96076A/2020
7KS9 	C	hCoV-19/USA/IL-CDC-ASC210714968/2021
7KSG 	A	hCoV-19/USA/IL-CDC-ASC210714968/2021
7KXJ 	A	hCoV-19/England/CAMB-7525B/2020
7KXK 	A	hCoV-19/England/CAMB-7525B/2020
7L2D 	A	hCoV-19/USA/IL-CDC-ASC210714968/2021
7L2E 	A	hCoV-19/USA/IL-CDC-ASC210714968/2021
7L2F 	A	hCoV-19/USA/IL-CDC-ASC210714968/2021
7L3N 	A	hCoV-19/USA/IL-CDC-ASC210714968/2021
7L56 	A	hCoV-19/USA/IL-CDC-ASC210714968/2021
7L57 	A	hCoV-19/USA/IL-CDC-ASC210714968/2021
7L58 	A	hCoV-19/USA/IL-CDC-ASC210714968/2021
7L7K 	A	hCoV-19/USA/GA-EHC-047U/2020
7LJR 	A	hCoV-19/USA/IL-CDC-ASC210714968/2021
7LQV 	A	hCoV-19/England/MILK-2E65D86/2021
7LQW 	C	hCoV-19/England/MILK-2E65D86/2021
7LS9 	A	hCoV-19/USA/IL-CDC-ASC210714968/2021
7LSS 	A	hCoV-19/USA/IL-CDC-ASC210714968/2021
7LWI 	A	hCoV-19/USA/MA-UPHL-2012045106/2020
7LWJ 	A	hCoV-19/USA/MA-UPHL-2012045106/2020
7LWK 	A	hCoV-19/USA/MA-UPHL-2012045106/2020
7LWL 	A	hCoV-19/USA/MA-UPHL-2012045106/2020
7LWM 	A	hCoV-19/USA/MA-UPHL-2012045106/2020
7LWN 	A	hCoV-19/USA/MA-UPHL-2012045106/2020
7LWO 	A	hCoV-19/USA/MA-UPHL-2012045106/2020
7LWP 	A	hCoV-19/USA/MA-UPHL-2012045106/2020
7LWQ 	A	hCoV-19/USA/MA-UPHL-2012045106/2020
7LWS 	A	hCoV-19/England/CAMC-1263710/2021
7LWT 	A	hCoV-19/England/CAMC-1263710/2021
7LWU 	A	hCoV-19/England/CAMC-1263710/2021
7LWV 	A	hCoV-19/England/CAMC-1263710/2021
7LWW 	A	hCoV-19/USA/OR-CDC-LC0059583/2021
7LXY 	A	hCoV-19/USA/GA-EHC-047U/2020
7LXZ 	A	hCoV-19/USA/GA-EHC-047U/2020
7LY2 	A	hCoV-19/USA/GA-EHC-047U/2020
7LYK 	A	hCoV-19/USA/PA-VSP1844/2021
7LYL 	A	hCoV-19/USA/PA-VSP1844/2021
7LYM 	A	hCoV-19/USA/PA-VSP1844/2021
7LYN 	A	hCoV-19/USA/PA-VSP1844/2021
7LYO 	A	hCoV-19/USA/GA-EHC-047U/2020
7LYP 	A	hCoV-19/USA/PA-VSP1844/2021
7LYQ 	A	hCoV-19/USA/PA-VSP1844/2021
7M0J 	A	hCoV-19/USA/GA-EHC-047U/2020
7M6E 	A	hCoV-19/USA/GA-EHC-047U/2020
7M6F 	A	hCoV-19/USA/GA-EHC-047U/2020
7M6G 	A	hCoV-19/USA/GA-EHC-047U/2020
7M6H 	A	hCoV-19/USA/GA-EHC-047U/2020
7M6I 	A	hCoV-19/USA/GA-EHC-047U/2020
7M8K 	A	hCoV-19/USA/OH-UHTL-1007/2021
7MJG 	A	hCoV-19/Germany/BW-RKI-I-050517/2021
7MJH 	A	hCoV-19/Germany/BW-RKI-I-050517/2021
7MJJ 	A	hCoV-19/Germany/BW-RKI-I-050517/2021
7MJK 	A	hCoV-19/Germany/BW-RKI-I-050517/2021
7MJM 	A	hCoV-19/Germany/BW-RKI-I-050517/2021
7MTC 	A	hCoV-19/England/CAMB-76B31/2020
7MTD 	A	hCoV-19/England/CAMB-76B31/2020
7MTE 	A	hCoV-19/England/CAMB-76B31/2020
7MY2 	B	hCoV-19/England/MILK-2E65D86/2021
7MY3 	A	hCoV-19/England/MILK-2E65D86/2021
7N0G 	A	hCoV-19/England/MILK-2E65D86/2021
7N0H 	A	hCoV-19/England/MILK-2E65D86/2021
7N1Q 	A	hCoV-19/Germany/un-RKI-I-064752/2021
7N1T 	A	hCoV-19/Germany/un-RKI-I-064752/2021
7N1U 	A	hCoV-19/USA/MD-NIH-00647/2021
7N1V 	A	hCoV-19/USA/MD-NIH-00647/2021
7N1W 	A	hCoV-19/USA/MD-NIH-00647/2021
7N1X 	A	hCoV-19/USA/MD-NIH-00647/2021
7N1Y 	A	hCoV-19/USA/MD-NIH-00647/2021
7N5H 	A	hCoV-19/USA/IN-CDC-ASC210424953/2021
7N8H 	A	hCoV-19/USA/WA-CDC-LC0056284/2021
7N9B 	A	hCoV-19/USA/IN-CDC-ASC210424953/2021
7N9C 	A	hCoV-19/USA/IN-CDC-ASC210424953/2021
7N9E 	B	hCoV-19/USA/IN-CDC-ASC210424953/2021
7ND3 	A	hCoV-19/USA/IN-CDC-ASC210424953/2021
7ND4 	A	hCoV-19/USA/IN-CDC-ASC210424953/2021
7ND5 	A	hCoV-19/USA/IN-CDC-ASC210424953/2021
7ND6 	A	hCoV-19/USA/IN-CDC-ASC210424953/2021
7ND7 	A	hCoV-19/USA/IN-CDC-ASC210424953/2021
7ND8 	A	hCoV-19/USA/IN-CDC-ASC210424953/2021
7ND9 	A	hCoV-19/USA/IN-CDC-ASC210424953/2021
7NDA 	A	hCoV-19/USA/IN-CDC-ASC210424953/2021
7NDB 	A	hCoV-19/USA/IN-CDC-ASC210424953/2021
7NDC 	A	hCoV-19/USA/IN-CDC-ASC210424953/2021
7NDD 	A	hCoV-19/USA/IN-CDC-ASC210424953/2021
7NT9 	A	hCoV-19/England/MILK-2E65D86/2021
7NTA 	A	hCoV-19/England/MILK-2E65D86/2021
7NTC 	A	hCoV-19/England/MILK-2E65D86/2021
7OAN 	A	hCoV-19/England/MILK-2E65D86/2021
7P40 	A	hCoV-19/England/CAMB-7525B/2020
7P77 	B	hCoV-19/England/MILK-2E65D86/2021
7P78 	A	hCoV-19/England/MILK-2E65D86/2021
7P79 	A	hCoV-19/England/MILK-2E65D86/2021
7P7A 	B	hCoV-19/England/MILK-2E65D86/2021
7P7B 	A	hCoV-19/England/MILK-2E65D86/2021
7Q6E 	A	hCoV-19/Germany/un-RKI-I-064752/2021
7Q9F 	A	hCoV-19/Germany/un-RKI-I-064752/2021
7Q9G 	A	hCoV-19/Germany/un-RKI-I-064752/2021
7Q9I 	A	hCoV-19/Germany/un-RKI-I-064752/2021
7Q9J 	A	hCoV-19/Germany/un-RKI-I-064752/2021
7Q9K 	A	hCoV-19/Germany/un-RKI-I-064752/2021
7Q9M 	A	hCoV-19/Germany/un-RKI-I-064752/2021
7Q9P 	A	hCoV-19/Germany/un-RKI-I-064752/2021
7R8M 	A	hCoV-19/USA/GA-EHC-047U/2020
7R8N 	A	hCoV-19/USA/GA-EHC-047U/2020
7R8O 	A	hCoV-19/USA/GA-EHC-047U/2020
7RA8 	A	hCoV-19/England/MILK-2E65D86/2021
7RKV 	A	hCoV-19/USA/GA-EHC-047U/2020
7RW2 	A	hCoV-19/England/MILK-2E65D86/2021
7S0C 	A	hCoV-19/England/MILK-1517684/2021
7S0D 	A	hCoV-19/USA/GA-EHC-047U/2020
7SBK 	A	hCoV-19/Germany/BW-RKI-I-411763/2021
7SBL 	A	hCoV-19/Germany/BW-RKI-I-411763/2021
7SBO 	A	hCoV-19/USA/CA-CDC-FG-147260/2021
7SBP 	A	hCoV-19/England/CAMC-14E679B/2021
7SBR 	A	hCoV-19/England/CAMC-14E679B/2021
7SBS 	A	hCoV-19/USA/CA-CDPH-3000119793/2021
7SBT 	A	hCoV-19/USA/CA-CDPH-3000119793/2021
7SN3 	A	hCoV-19/England/NORT-295D07/2020
7SO9 	A	hCoV-19/USA/CA-CDC-FG-147260/2021
7SOB 	A	hCoV-19/England/MILK-1517684/2021
7SXS 	A	hCoV-19/England/CAMC-13B6C96/2021
7SXT 	A	hCoV-19/USA/PA-VSP1703/2021
7SXU 	A	hCoV-19/USA/PA-VSP1703/2021
7SXV 	A	hCoV-19/USA/PA-VSP1703/2021
7SXW 	A	hCoV-19/USA/PA-VSP1703/2021
7SY3 	A	hCoV-19/USA/IN-CDC-LC0048762/2021
7SY5 	A	hCoV-19/USA/OR-CDC-LC0059583/2021
7T9J 	A	hCoV-19/England/LSPA-31EB7A2/2022
7T9K 	A	hCoV-19/England/LSPA-31EB7A2/2022
7V26 	A	hCoV-19/USA/GA-EHC-047U/2020
7V76 	A	hCoV-19/England/CAMC-13EEF8D/2021
7V77 	A	hCoV-19/England/CAMC-13EEF8D/2021
7V78 	A	hCoV-19/USA/OH-UHTL-1007/2021
7V79 	A	hCoV-19/USA/OH-UHTL-1007/2021
7V7A 	A	hCoV-19/USA/OH-UHTL-1007/2021
7V7D 	A	hCoV-19/England/MILK-13D9C33/2021
7V7E 	A	hCoV-19/England/MILK-13D9C33/2021
7V7F 	A	hCoV-19/England/MILK-13D9C33/2021
7V7G 	A	hCoV-19/England/MILK-13D9C33/2021
7V7N 	A	hCoV-19/England/MILK-27415E9/2021
7V7O 	A	hCoV-19/England/MILK-27415E9/2021
7V7P 	A	hCoV-19/England/MILK-27415E9/2021
7V7Q 	A	hCoV-19/England/MILK-27415E9/2021
7V7R 	A	hCoV-19/England/MILK-27415E9/2021
7V7S 	A	hCoV-19/England/MILK-27415E9/2021
7V7T 	A	hCoV-19/England/MILK-27415E9/2021
7V7U 	A	hCoV-19/England/MILK-27415E9/2021
7V7V 	A	hCoV-19/England/MILK-27415E9/2021
7V7Z 	A	hCoV-19/England/CAMC-13EEF8D/2021
7V81 	A	hCoV-19/USA/AZ-CDC-LC0060450/2021
7V82 	A	hCoV-19/USA/AZ-CDC-LC0060450/2021
7V83 	A	hCoV-19/USA/AZ-CDC-LC0060450/2021
7V85 	A	hCoV-19/England/MILK-13D9C33/2021
7V86 	A	hCoV-19/England/MILK-13D9C33/2021
7V88 	A	hCoV-19/England/MILK-27415E9/2021
7V89 	A	hCoV-19/England/MILK-27415E9/2021
7V8A 	A	hCoV-19/England/MILK-27415E9/2021
7V8C 	A	hCoV-19/England/CAMC-13EEF8D/2021
7VNC 	A	hCoV-19/England/MILK-2E65D86/2021
7VND 	A	hCoV-19/England/MILK-2E65D86/2021
7VNE 	A	hCoV-19/England/MILK-2E65D86/2021
7VX1 	A	hCoV-19/Germany/un-RKI-I-064752/2021
7VX7 	A	hCoV-19/Germany/un-RKI-I-064752/2021
7VXA 	A	hCoV-19/England/CAMC-13EE925/2021
7VXB 	A	hCoV-19/England/CAMC-13EE925/2021
7VXC 	A	hCoV-19/England/CAMC-13EE925/2021
7VXD 	A	hCoV-19/Germany/un-RKI-I-064752/2021
7VXE 	A	hCoV-19/England/CAMC-13EE925/2021
7VXF 	A	hCoV-19/Germany/un-RKI-I-064752/2021
7VXI 	A	hCoV-19/England/CAMC-13EE925/2021
7VXK 	A	hCoV-19/Germany/un-RKI-I-064752/2021
